{"cameraMode":{"drawMode":0,"name":"Shaded","section":"Shading Mode"},"sceneLighting":true,"audioPlay":false,"sceneViewState":{"m_AlwaysRefresh":false,"showFog":true,"showSkybox":true,"showFlares":true,"showImageEffects":true,"showParticleSystems":true,"showVisualEffectGraphs":true,"m_FxEnabled":true},"in2DMode":false,"pivot":{"x":-8.393916130065918,"y":1.6870944499969483,"z":-4.479495525360107},"rotation":{"x":-0.001578797702677548,"y":0.48869815468788149,"z":-0.0008839941583573818,"w":-0.872452437877655},"size":1.4458715915679932,"orthographic":false}